PlayerID,Country,Age,Gender,VIP_Level,Registration_Date,Deposit,Withdrawal,Total_Bets,Revenue
1,India,31,Male,Silver,2024-03-29,433,247,751,186
2,UK,60,Female,Gold,2026-04-15,4930,4326,492,604
3,India,56,Female,Silver,2024-09-21,1978,1131,654,847
4,Brazil,48,Male,Bronze,2024-10-26,894,463,711,431
5,Brazil,40,Female,Platinum,2025-10-17,4907,2729,704,2178
6,Malta,24,Female,Platinum,2023-10-10,2321,1839,246,482
7,Malta,29,Female,Platinum,2025-08-31,3700,3158,264,542
8,UK,23,Female,Platinum,2025-07-29,293,168,470,125
9,Brazil,35,Male,Bronze,2024-01-05,1139,273,56,866
10,Australia,28,Female,Bronze,2025-05-06,4606,3130,354,1476
11,India,23,Male,Platinum,2024-08-23,2333,446,378,1887
12,Australia,42,Female,Gold,2025-05-16,4408,789,720,3619
13,Canada,31,Female,Gold,2024-11-27,2791,1025,231,1766
14,Germany,55,Male,Gold,2025-10-27,4930,1375,726,3555
15,UK,34,Female,Bronze,2025-03-20,253,110,521,143
16,India,60,Male,Bronze,2024-08-14,1235,1007,195,228
17,Brazil,23,Male,Gold,2025-07-07,287,275,473,12
18,Canada,55,Female,Silver,2025-03-24,3754,2568,586,1186
19,India,22,Female,Gold,2026-03-13,2574,966,234,1608
20,India,47,Female,Silver,2025-10-29,2865,948,536,1917
21,Malta,47,Male,Silver,2025-09-24,3291,407,345,2884
22,Canada,44,Female,Silver,2024-07-03,2444,2339,106,105
23,Malta,39,Female,Silver,2024-10-16,1808,1279,78,529
24,Australia,59,Male,Platinum,2026-04-17,4497,3258,612,1239
25,Spain,31,Male,Platinum,2026-06-30,301,151,87,150
26,Canada,44,Female,Bronze,2026-05-02,4578,2569,39,2009
27,Sweden,24,Male,Bronze,2025-06-13,3776,2908,390,868
28,UK,23,Female,Bronze,2023-09-26,675,549,212,126
29,Australia,21,Male,Silver,2023-12-28,3089,1788,193,1301
30,India,46,Female,Bronze,2025-08-30,4941,1967,759,2974
31,India,18,Female,Gold,2025-05-20,3730,476,515,3254
32,India,32,Female,Bronze,2023-11-12,1703,151,586,1552
33,Sweden,18,Male,Bronze,2024-09-04,3099,1641,351,1458
34,Malta,33,Male,Platinum,2026-06-25,479,108,496,371
35,Canada,48,Female,Gold,2025-01-05,3091,746,714,2345
36,Brazil,19,Female,Silver,2025-11-04,3147,416,356,2731
37,Australia,44,Male,Platinum,2023-09-08,2620,583,580,2037
38,Sweden,47,Male,Silver,2025-03-03,2289,1040,659,1249
39,Malta,55,Female,Bronze,2024-03-29,2393,2332,385,61
40,Malta,47,Female,Gold,2024-02-10,1074,965,413,109
41,Germany,30,Male,Platinum,2024-01-07,3952,1820,381,2132
42,Australia,33,Male,Platinum,2026-02-03,423,106,208,317
43,Sweden,56,Male,Gold,2023-09-21,3974,3185,745,789
44,Spain,29,Male,Gold,2025-07-03,1887,140,270,1747
45,UK,20,Male,Platinum,2024-03-11,3582,2871,317,711
46,Germany,38,Male,Gold,2024-11-21,2899,1015,133,1884
47,Canada,35,Male,Platinum,2026-03-01,4662,2469,497,2193
48,India,58,Male,Platinum,2024-05-14,3445,1832,235,1613
49,Italy,21,Male,Silver,2026-07-08,3785,883,83,2902
50,India,55,Male,Gold,2023-09-04,4657,351,393,4306
51,Brazil,57,Male,Gold,2025-02-07,4778,835,641,3943
52,UK,57,Male,Bronze,2025-05-16,3860,1445,578,2415
53,Spain,36,Female,Silver,2024-02-08,4323,4043,719,280
54,Spain,57,Male,Bronze,2024-04-20,4147,2774,208,1373
55,Germany,24,Male,Silver,2024-02-22,414,192,120,222
56,Australia,45,Female,Silver,2024-02-17,4138,958,87,3180
57,Italy,45,Male,Silver,2023-10-13,3964,1792,185,2172
58,Canada,59,Male,Gold,2024-02-04,604,146,702,458
59,Sweden,53,Female,Bronze,2024-09-28,1989,96,487,1893
60,Malta,34,Male,Silver,2023-09-04,4376,1167,690,3209
61,UK,30,Male,Platinum,2024-01-20,3094,901,74,2193
62,Spain,18,Female,Silver,2023-09-03,1713,460,554,1253
63,Germany,23,Male,Gold,2023-11-18,3189,302,117,2887
64,UK,34,Female,Bronze,2025-01-30,2699,2576,749,123
65,Italy,50,Male,Bronze,2023-12-03,3431,1070,216,2361
66,Italy,18,Female,Silver,2025-09-30,1360,1144,57,216
67,Australia,60,Female,Bronze,2025-05-25,4036,2106,441,1930
68,UK,51,Male,Gold,2026-04-03,1591,608,726,983
69,UK,48,Male,Platinum,2024-01-22,3716,1788,514,1928
70,Malta,51,Male,Gold,2026-02-24,1734,183,238,1551
71,Australia,37,Female,Gold,2024-06-04,3500,951,170,2549
72,Italy,58,Male,Platinum,2025-04-28,2511,314,93,2197
73,Malta,18,Male,Platinum,2024-10-27,3484,430,791,3054
74,Brazil,39,Female,Gold,2023-08-16,2006,560,193,1446
75,Italy,60,Female,Gold,2023-08-16,1102,634,325,468
76,UK,39,Male,Bronze,2025-04-08,4651,2615,643,2036
77,India,41,Female,Silver,2025-12-20,4983,1970,103,3013
78,India,57,Male,Platinum,2025-12-07,1848,1597,470,251
79,Canada,24,Male,Bronze,2023-12-13,4240,3583,561,657
80,Spain,27,Female,Platinum,2025-10-10,1904,1714,553,190
81,Canada,32,Male,Gold,2024-06-22,1461,1027,153,434
82,Germany,49,Female,Platinum,2025-05-23,1579,723,675,856
83,Italy,48,Male,Bronze,2024-06-17,2110,2108,606,2
84,Sweden,28,Female,Platinum,2024-01-12,3230,1869,798,1361
85,Spain,24,Male,Platinum,2024-12-02,1063,689,98,374
86,Australia,42,Male,Platinum,2024-04-22,3508,2269,784,1239
87,Germany,21,Male,Platinum,2024-12-07,1923,979,164,944
88,Canada,56,Male,Silver,2026-06-22,2837,426,284,2411
89,Germany,21,Female,Platinum,2024-08-27,3340,2538,288,802
90,Malta,32,Female,Gold,2025-09-25,3188,2975,582,213
91,Sweden,18,Male,Platinum,2024-08-20,2451,1660,432,791
92,Spain,35,Male,Platinum,2024-03-14,3860,2195,473,1665
93,Canada,32,Female,Bronze,2023-08-29,4692,3399,132,1293
94,UK,50,Male,Platinum,2024-10-14,359,57,86,302
95,Sweden,29,Female,Silver,2024-09-29,3790,1365,450,2425
96,Germany,27,Female,Platinum,2026-06-13,881,775,578,106
97,Sweden,44,Female,Platinum,2026-01-03,3856,128,123,3728
98,Canada,53,Male,Platinum,2024-02-07,4119,3005,188,1114
99,Sweden,41,Female,Silver,2026-04-04,4433,3371,769,1062
100,UK,57,Female,Gold,2025-06-09,3614,1851,204,1763
101,Australia,60,Male,Gold,2023-09-17,1201,578,791,623
102,Brazil,19,Female,Gold,2025-11-27,313,266,159,47
103,Germany,56,Male,Silver,2025-01-22,4425,3562,647,863
104,Germany,37,Female,Platinum,2025-11-10,3860,1646,345,2214
105,Canada,60,Male,Silver,2025-04-24,2836,1466,590,1370
106,UK,30,Female,Bronze,2023-11-04,3346,631,447,2715
107,Australia,35,Female,Silver,2025-04-15,1420,710,560,710
108,Italy,53,Male,Platinum,2024-04-17,3681,1885,496,1796
109,India,38,Female,Silver,2024-12-26,1723,754,768,969
110,UK,38,Male,Platinum,2024-11-29,4658,2889,340,1769
111,Australia,53,Male,Silver,2024-03-09,4190,273,671,3917
112,Australia,28,Male,Platinum,2023-12-15,2659,1033,663,1626
113,UK,31,Female,Gold,2023-08-03,170,149,243,21
114,Malta,31,Male,Silver,2024-11-23,4133,1995,302,2138
115,Germany,25,Male,Gold,2024-10-20,4721,751,52,3970
116,Italy,44,Female,Gold,2024-12-31,2533,380,294,2153
117,Australia,35,Male,Bronze,2025-11-01,758,88,781,670
118,Australia,18,Male,Platinum,2024-06-20,2017,1994,748,23
119,Germany,57,Male,Silver,2024-04-17,2978,1157,671,1821
120,UK,47,Male,Bronze,2024-11-12,241,179,356,62
121,Germany,49,Male,Bronze,2024-10-07,912,69,572,843
122,Germany,28,Female,Gold,2023-12-04,848,332,500,516
123,Malta,38,Male,Gold,2024-01-22,4354,1190,227,3164
124,Australia,29,Male,Platinum,2026-01-21,1794,250,216,1544
125,Sweden,59,Male,Silver,2025-02-07,3749,457,29,3292
126,Australia,44,Male,Platinum,2024-02-24,515,298,683,217
127,Canada,38,Male,Platinum,2026-05-11,2314,664,464,1650
128,Germany,59,Female,Gold,2025-08-30,2635,1210,593,1425
129,Spain,49,Female,Bronze,2025-04-09,4773,4133,405,640
130,UK,56,Female,Platinum,2026-04-28,3244,2648,413,596
131,Brazil,38,Female,Platinum,2024-05-10,737,423,354,314
132,Italy,48,Male,Platinum,2024-07-30,4684,2549,764,2135
133,Brazil,52,Female,Platinum,2023-12-27,1137,295,154,842
134,Italy,52,Female,Silver,2025-01-24,3950,678,676,3272
135,Spain,59,Male,Gold,2023-08-04,908,645,286,263
136,Canada,43,Female,Platinum,2025-08-20,3831,985,365,2846
137,UK,55,Male,Platinum,2023-11-29,3512,2999,597,513
138,Brazil,60,Female,Platinum,2026-04-26,4889,1168,650,3721
139,Spain,38,Male,Platinum,2024-03-10,2597,684,398,1913
140,Australia,60,Male,Bronze,2025-10-15,1644,1500,213,144
141,Italy,47,Female,Silver,2024-09-11,2592,2193,513,399
142,Australia,38,Male,Silver,2025-03-04,4156,242,78,3914
143,India,38,Female,Platinum,2025-09-18,1807,275,185,1532
144,Sweden,24,Male,Platinum,2025-09-13,2155,627,372,1528
145,Brazil,42,Male,Bronze,2025-09-16,1416,602,281,814
146,Germany,50,Male,Bronze,2026-07-14,2986,2030,686,956
147,Malta,40,Male,Platinum,2025-06-23,1943,1265,238,678
148,Malta,34,Female,Gold,2025-03-18,1663,1595,792,68
149,Germany,25,Female,Gold,2025-12-16,1735,963,431,772
150,Spain,20,Female,Bronze,2023-09-03,402,99,743,303
151,UK,31,Male,Gold,2024-10-23,2578,1964,777,614
152,India,56,Male,Bronze,2026-07-13,2725,2717,303,8
153,Malta,29,Female,Silver,2024-12-16,3205,1621,504,1584
154,Australia,18,Female,Silver,2025-06-14,2340,2273,180,67
155,Brazil,21,Female,Bronze,2024-06-14,3410,296,467,3114
156,Canada,49,Female,Gold,2026-03-19,1149,70,462,1079
157,Canada,46,Female,Platinum,2026-06-27,3261,2065,304,1196
158,Malta,58,Female,Bronze,2024-10-08,1505,1059,603,446
159,Germany,55,Female,Platinum,2024-10-15,4128,133,706,3995
160,Sweden,42,Male,Platinum,2024-12-22,3690,3342,111,348
161,Canada,31,Female,Bronze,2026-01-16,1967,160,763,1807
162,Germany,41,Male,Platinum,2024-07-14,3551,1819,719,1732
163,India,52,Male,Bronze,2025-05-04,1912,1883,786,29
164,Australia,30,Male,Gold,2024-10-11,2154,446,418,1708
165,Sweden,27,Female,Bronze,2026-07-10,2735,885,298,1850
166,Malta,35,Female,Bronze,2025-06-06,2301,1659,456,642
167,India,43,Male,Silver,2024-04-29,3422,1199,497,2223
168,Malta,54,Female,Silver,2025-01-01,3006,1608,100,1398
169,India,53,Male,Platinum,2024-02-20,4433,4243,224,190
170,Canada,52,Male,Bronze,2024-09-01,2570,673,109,1897
171,Spain,35,Female,Gold,2025-11-07,1719,927,517,792
172,Italy,54,Male,Platinum,2025-03-21,1820,1416,67,404
173,Canada,52,Female,Bronze,2024-07-26,4254,1255,711,2999
174,Malta,53,Male,Bronze,2024-11-03,3973,1092,73,2881
175,Canada,40,Female,Platinum,2023-12-10,2653,93,23,2560
176,India,36,Male,Silver,2024-10-13,345,209,513,136
177,UK,18,Female,Platinum,2024-07-13,3006,1907,704,1099
178,Sweden,42,Male,Platinum,2025-08-05,2043,1215,372,828
179,Brazil,37,Male,Bronze,2026-03-18,721,449,311,272
180,Germany,54,Male,Platinum,2024-10-05,2399,957,582,1442
181,UK,19,Male,Gold,2025-03-23,4387,4022,370,365
182,India,56,Female,Platinum,2026-02-16,3151,433,143,2718
183,India,44,Female,Gold,2024-06-14,2157,2012,522,145
184,Malta,51,Female,Bronze,2024-09-14,4218,1401,289,2817
185,Sweden,33,Male,Bronze,2025-10-03,1503,1083,447,420
186,Spain,43,Female,Platinum,2025-01-11,722,233,794,489
187,India,26,Male,Silver,2025-02-27,4467,2589,532,1878
188,Spain,18,Male,Platinum,2025-03-28,4700,2883,379,1817
189,Italy,32,Female,Gold,2025-08-14,2746,1104,104,1642
190,Spain,58,Female,Bronze,2024-10-31,875,660,536,215
191,Sweden,27,Male,Gold,2024-10-20,3312,886,614,2426
192,Australia,51,Female,Silver,2023-08-08,4260,231,317,4029
193,Sweden,32,Male,Platinum,2023-09-24,4431,846,381,3585
194,Germany,35,Male,Silver,2025-05-09,312,73,516,239
195,Sweden,38,Male,Gold,2023-10-01,4257,1153,516,3104
196,Australia,54,Male,Platinum,2024-02-06,3445,144,381,3301
197,India,22,Female,Platinum,2025-08-25,1028,113,307,915
198,Australia,49,Male,Bronze,2024-07-07,1528,186,58,1342
199,UK,45,Female,Bronze,2026-02-22,2759,1028,246,1731
200,Italy,18,Female,Platinum,2026-01-02,3818,2681,79,1137
201,Spain,31,Male,Bronze,2025-09-14,3471,3252,401,219
202,Malta,29,Male,Bronze,2023-08-10,139,87,542,52
203,Germany,33,Male,Gold,2025-12-07,2533,2496,207,37
204,Italy,24,Female,Gold,2026-04-28,2665,581,509,2084
205,Spain,43,Male,Gold,2023-09-30,232,161,239,71
206,UK,55,Female,Platinum,2025-07-10,983,981,156,2
207,India,39,Female,Platinum,2023-11-28,3239,1782,209,1457
208,Malta,51,Female,Bronze,2024-02-16,1782,1297,773,485
209,Spain,54,Male,Bronze,2024-02-01,3482,187,400,3295
210,Spain,50,Female,Bronze,2025-11-15,4031,3231,797,800
211,Malta,44,Female,Platinum,2025-11-02,1969,900,773,1069
212,Germany,41,Male,Silver,2024-01-14,1074,746,104,328
213,UK,37,Female,Bronze,2025-01-28,4940,165,652,4775
214,Germany,57,Female,Bronze,2024-11-06,1716,291,404,1425
215,Germany,46,Female,Silver,2025-04-12,386,279,168,107
216,Sweden,48,Female,Silver,2025-07-11,4962,3580,26,1382
217,Sweden,23,Female,Gold,2024-01-25,1130,1129,41,1
218,UK,33,Male,Silver,2024-05-11,3471,52,453,3419
219,Malta,38,Male,Bronze,2026-05-30,3745,2226,362,1519
220,Australia,32,Female,Bronze,2026-02-17,4868,964,385,3904
221,Canada,20,Male,Bronze,2026-04-19,2900,1402,595,1498
222,Germany,22,Male,Gold,2026-06-29,2766,630,178,2136
223,Spain,18,Male,Platinum,2025-01-09,982,982,704,0
224,Canada,41,Female,Bronze,2026-02-17,4213,1983,787,2230
225,UK,26,Male,Gold,2025-10-18,4449,578,713,3871
226,Brazil,33,Female,Bronze,2026-06-28,1968,109,109,1859
227,Canada,33,Male,Platinum,2024-02-15,4208,3984,800,224
228,India,41,Male,Bronze,2023-09-28,2071,1307,329,764
229,Brazil,22,Male,Silver,2023-12-05,4078,3853,133,225
230,Malta,60,Male,Platinum,2023-07-25,2615,1236,88,1379
231,Italy,20,Male,Gold,2023-10-07,2607,325,223,2282
232,Sweden,53,Female,Platinum,2025-02-15,1106,333,84,773
233,Canada,30,Male,Gold,2025-03-28,1923,493,468,1430
234,Germany,43,Male,Bronze,2026-03-07,3901,3298,410,603
235,Italy,37,Female,Bronze,2025-07-28,2952,715,553,2237
236,Italy,37,Female,Bronze,2024-10-29,4495,3236,310,1259
237,Malta,47,Male,Bronze,2023-10-10,292,196,240,96
238,UK,46,Male,Gold,2023-12-14,4132,4096,422,36
239,Australia,57,Male,Bronze,2026-01-15,2226,1157,335,1069
240,Germany,35,Female,Gold,2023-09-19,2980,633,397,2347
241,Italy,18,Female,Gold,2026-03-30,677,590,191,87
242,Germany,36,Female,Silver,2025-04-21,737,190,418,547
243,Canada,41,Male,Platinum,2024-05-10,1454,579,587,875
244,Sweden,18,Female,Gold,2024-01-27,3219,1248,44,1971
245,Italy,33,Male,Silver,2024-02-18,177,133,192,44
246,India,57,Female,Silver,2024-01-16,3217,1602,383,1615
247,Brazil,29,Female,Platinum,2023-09-23,2223,1527,125,696
248,Malta,42,Male,Silver,2026-01-23,1822,1188,38,634
249,Australia,56,Female,Bronze,2025-10-26,3246,2092,667,1154
250,India,45,Female,Silver,2026-01-28,4073,1876,395,2197
251,Brazil,60,Male,Silver,2024-06-02,2469,231,743,2238
252,Brazil,28,Male,Gold,2024-02-27,3276,679,258,2597
253,Sweden,42,Male,Platinum,2024-11-22,4639,1144,449,3495
254,Spain,36,Male,Bronze,2024-01-02,2900,411,631,2489
255,UK,28,Female,Platinum,2023-10-11,1497,526,679,971
256,Sweden,21,Male,Platinum,2024-12-30,948,336,362,612
257,Brazil,19,Female,Gold,2023-09-19,793,442,196,351
258,Brazil,43,Female,Silver,2025-05-23,1124,1094,285,30
259,Australia,55,Male,Bronze,2024-07-02,4093,778,394,3315
260,Italy,32,Male,Gold,2025-01-23,1162,1090,539,72
261,India,50,Male,Bronze,2026-04-12,1968,1723,359,245
262,Canada,43,Female,Bronze,2026-07-03,1705,1194,774,511
263,UK,36,Male,Platinum,2023-09-30,2569,262,611,2307
264,Germany,39,Male,Silver,2023-08-09,476,72,369,404
265,Malta,21,Female,Bronze,2026-04-25,103,99,524,4
266,Malta,25,Male,Silver,2024-08-11,2008,1743,334,265
267,Germany,34,Male,Gold,2025-07-27,4982,3382,787,1600
268,UK,36,Male,Silver,2025-09-12,4622,443,575,4179
269,Spain,54,Female,Platinum,2024-02-27,993,414,295,579
270,Italy,40,Female,Gold,2024-08-27,3199,2334,640,865
271,Canada,26,Female,Silver,2023-11-15,4160,1727,728,2433
272,Brazil,35,Male,Silver,2023-12-01,1922,1513,274,409
273,Sweden,45,Male,Silver,2025-01-01,2241,1961,533,280
274,Brazil,44,Female,Platinum,2025-03-07,3395,266,611,3129
275,Australia,26,Male,Gold,2024-07-31,4727,3619,599,1108
276,Canada,44,Male,Silver,2023-08-29,1065,340,144,725
277,Brazil,40,Male,Platinum,2025-12-01,410,256,50,154
278,Canada,31,Male,Bronze,2024-05-26,1477,354,222,1123
279,UK,60,Female,Silver,2025-04-28,645,369,524,276
280,Malta,50,Male,Silver,2026-01-23,2422,2105,199,317
281,Malta,56,Male,Silver,2025-08-30,2073,245,414,1828
282,UK,24,Male,Gold,2025-02-11,4834,917,741,3917
283,Australia,31,Female,Silver,2023-10-19,4666,1477,532,3189
284,India,53,Male,Bronze,2025-04-14,1080,240,580,840
285,India,38,Female,Silver,2025-03-29,737,94,522,643
286,Brazil,35,Male,Bronze,2024-02-14,4514,2039,800,2475
287,Malta,28,Female,Bronze,2025-11-23,3479,847,388,2632
288,Italy,40,Female,Bronze,2023-10-22,2896,1887,160,1009
289,Australia,43,Female,Bronze,2023-09-17,2503,787,498,1716
290,India,24,Male,Platinum,2024-11-07,2236,2220,462,16
291,Malta,38,Male,Bronze,2024-11-11,2779,1993,686,786
292,Canada,51,Female,Silver,2026-02-20,1851,1109,738,742
293,Italy,42,Male,Bronze,2026-04-15,2387,274,105,2113
294,Sweden,28,Female,Gold,2023-11-25,3818,75,49,3743
295,India,36,Female,Gold,2025-09-09,2021,638,314,1383
296,Germany,50,Male,Silver,2025-05-11,1267,114,600,1153
297,UK,30,Female,Platinum,2025-01-15,2322,1199,707,1123
298,Spain,60,Male,Platinum,2024-12-22,1525,697,473,828
299,Italy,47,Male,Bronze,2025-05-18,1458,1383,124,75
300,Australia,18,Male,Platinum,2024-04-25,3930,661,603,3269
301,Spain,39,Male,Platinum,2025-11-11,3455,1670,131,1785
302,UK,38,Male,Gold,2025-06-28,3888,689,637,3199
303,Spain,20,Female,Gold,2024-06-30,496,51,743,445
304,Spain,44,Female,Bronze,2026-01-09,740,99,77,641
305,Sweden,26,Male,Bronze,2025-10-26,641,325,236,316
306,Australia,19,Male,Bronze,2025-11-14,3450,786,541,2664
307,UK,58,Male,Gold,2026-01-13,2005,1707,180,298
308,Canada,27,Male,Platinum,2024-04-28,1526,648,650,878
309,Sweden,48,Female,Bronze,2024-03-05,2916,487,360,2429
310,UK,53,Female,Bronze,2023-09-02,2618,628,745,1990
311,Italy,44,Male,Bronze,2026-02-24,1218,213,44,1005
312,Canada,34,Male,Bronze,2024-11-12,4551,2888,338,1663
313,Australia,57,Male,Silver,2025-05-14,1450,1336,361,114
314,Sweden,33,Female,Silver,2023-11-04,2147,986,341,1161
315,Germany,50,Female,Bronze,2025-06-17,1595,1351,340,244
316,Australia,49,Female,Silver,2025-07-18,1837,162,374,1675
317,India,27,Male,Gold,2023-12-05,4506,2161,227,2345
318,India,23,Female,Silver,2024-02-26,4531,1774,473,2757
319,UK,22,Female,Bronze,2025-01-02,475,216,397,259
320,Sweden,43,Male,Gold,2025-05-08,4877,119,671,4758
321,Spain,22,Male,Bronze,2023-12-07,3952,1520,419,2432
322,Australia,19,Female,Platinum,2023-08-09,2950,2639,638,311
323,Australia,26,Male,Platinum,2026-05-09,792,589,466,203
324,Germany,46,Female,Platinum,2023-07-24,2306,1396,219,910
325,Malta,57,Male,Platinum,2025-11-27,2536,1566,516,970
326,Australia,18,Female,Gold,2025-03-09,2468,1153,154,1315
327,Germany,22,Female,Gold,2025-12-26,2606,527,21,2079
328,Canada,51,Male,Gold,2024-07-15,2893,2068,260,825
329,Brazil,58,Female,Silver,2025-09-23,1071,677,773,394
330,Brazil,34,Male,Platinum,2023-08-02,3674,1458,290,2216
331,Italy,24,Female,Platinum,2025-05-13,3855,2498,438,1357
332,Germany,26,Female,Silver,2024-05-26,2477,326,507,2151
333,Australia,59,Female,Platinum,2024-05-21,1770,1301,147,469
334,Malta,24,Male,Gold,2026-02-19,626,148,163,478
335,Brazil,55,Female,Silver,2025-05-02,462,212,471,250
336,Malta,48,Male,Bronze,2023-07-23,1227,391,548,836
337,Germany,24,Female,Bronze,2023-12-30,176,108,443,68
338,Canada,22,Male,Bronze,2024-09-19,448,264,116,184
339,Malta,27,Female,Platinum,2026-01-23,1356,1131,784,225
340,Italy,27,Male,Gold,2024-04-06,2551,2506,24,45
341,UK,27,Male,Silver,2026-07-20,2179,2127,481,52
342,Sweden,48,Female,Gold,2023-08-28,2765,2260,207,505
343,Malta,41,Female,Silver,2023-11-07,990,339,383,651
344,Italy,32,Female,Platinum,2026-06-18,1235,1076,111,159
345,Malta,43,Female,Bronze,2024-07-28,2875,1512,297,1363
346,India,55,Male,Silver,2026-03-25,3918,3152,28,766
347,India,22,Female,Platinum,2024-08-01,2571,270,581,2301
348,Brazil,60,Female,Platinum,2025-01-30,375,60,656,315
349,Spain,60,Male,Silver,2023-12-19,4290,1258,156,3032
350,Australia,35,Male,Silver,2026-03-11,3703,3371,499,332
351,Brazil,46,Male,Platinum,2023-12-28,4779,3887,251,892
352,Spain,37,Male,Platinum,2026-05-16,4813,2079,367,2734
353,India,25,Male,Platinum,2025-12-15,1035,911,119,124
354,Sweden,60,Female,Silver,2026-05-10,4782,4230,165,552
355,Germany,24,Male,Silver,2025-05-21,146,109,143,37
356,Sweden,19,Male,Silver,2023-10-13,2835,317,487,2518
357,Sweden,31,Female,Gold,2025-04-21,2029,1047,55,982
358,Italy,48,Female,Silver,2023-09-04,1950,1505,487,445
359,UK,49,Male,Silver,2026-03-10,2482,1265,223,1217
360,UK,58,Female,Platinum,2025-03-26,3038,918,404,2120
361,Sweden,42,Female,Gold,2025-10-31,2551,338,737,2213
362,Germany,38,Female,Platinum,2024-12-23,900,432,99,468
363,UK,25,Male,Silver,2025-01-26,2575,1709,96,866
364,Italy,52,Male,Gold,2023-08-14,2984,1078,706,1906
365,Germany,32,Female,Silver,2024-11-28,4698,3005,316,1693
366,Canada,50,Male,Silver,2026-03-31,4859,3158,484,1701
367,India,60,Female,Bronze,2026-01-29,2216,64,415,2152
368,Italy,24,Female,Silver,2024-09-04,1972,703,314,1269
369,Malta,57,Female,Platinum,2025-04-14,4499,1231,413,3268
370,UK,44,Female,Gold,2025-10-02,3863,3654,424,209
371,Malta,52,Female,Silver,2024-04-30,3769,324,791,3445
372,Germany,41,Female,Gold,2025-09-03,4901,2556,604,2345
373,India,36,Male,Gold,2025-06-18,4959,1191,281,3768
374,Brazil,19,Female,Bronze,2025-03-29,1427,853,311,574
375,UK,21,Male,Platinum,2024-01-15,1137,185,171,952
376,Spain,59,Female,Platinum,2025-03-06,1357,790,292,567
377,Canada,20,Male,Platinum,2023-09-10,3135,2496,725,639
378,India,28,Female,Silver,2026-05-12,1417,846,566,571
379,Sweden,33,Male,Platinum,2024-06-27,4408,96,435,4312
380,Italy,45,Male,Gold,2024-11-20,660,490,203,170
381,Malta,42,Male,Gold,2026-06-28,2689,1881,191,808
382,Italy,32,Male,Gold,2025-10-17,2719,94,199,2625
383,Sweden,18,Female,Bronze,2024-01-23,2709,421,629,2288
384,Sweden,49,Male,Platinum,2024-11-14,1482,263,130,1219
385,Italy,18,Male,Gold,2023-08-04,4936,1647,244,3289
386,Sweden,34,Male,Bronze,2025-04-09,4689,2091,575,2598
387,Brazil,25,Male,Platinum,2026-01-29,4052,1604,796,2448
388,Italy,33,Male,Platinum,2024-05-23,1877,1498,164,379
389,Australia,22,Male,Bronze,2025-12-08,4626,3711,190,915
390,Spain,54,Male,Silver,2025-09-24,1943,463,554,1480
391,Brazil,19,Male,Bronze,2024-11-01,3409,2873,27,536
392,Spain,52,Female,Platinum,2025-01-20,2048,739,678,1309
393,Canada,26,Female,Platinum,2025-01-06,3340,2871,616,469
394,Brazil,36,Male,Platinum,2023-08-25,135,65,166,70
395,Australia,29,Male,Platinum,2023-08-30,526,388,576,138
396,Australia,56,Female,Bronze,2024-04-09,903,647,528,256
397,India,19,Female,Gold,2023-07-23,877,255,145,622
398,Australia,26,Female,Silver,2024-05-15,1008,466,401,542
399,India,22,Female,Platinum,2024-06-24,2768,2095,238,673
400,Australia,45,Male,Bronze,2025-12-16,4285,3464,61,821
401,Italy,21,Female,Platinum,2024-08-24,3354,1982,593,1372
402,Germany,36,Female,Platinum,2024-01-29,2850,1682,200,1168
403,Malta,38,Female,Bronze,2026-03-10,535,178,333,357
404,Italy,42,Female,Gold,2024-02-05,4329,594,262,3735
405,Sweden,26,Male,Gold,2025-09-17,3276,3165,699,111
406,UK,24,Female,Silver,2025-08-01,4579,3895,328,684
407,Spain,36,Female,Platinum,2026-04-01,3281,2027,410,1254
408,Italy,50,Male,Bronze,2023-12-02,2025,1407,597,618
409,Sweden,57,Female,Silver,2026-07-06,4377,2806,617,1571
410,Spain,54,Male,Platinum,2026-03-10,2893,1130,761,1763
411,Sweden,49,Female,Gold,2024-10-25,778,578,97,200
412,Canada,43,Female,Bronze,2026-05-10,3595,2456,588,1139
413,Australia,35,Male,Platinum,2023-08-06,3181,112,222,3069
414,Italy,49,Female,Gold,2023-09-26,4068,1575,548,2493
415,Brazil,30,Male,Gold,2024-03-01,778,410,61,368
416,Brazil,28,Male,Silver,2024-01-30,1183,458,368,725
417,Canada,36,Female,Bronze,2023-08-02,3568,1369,288,2199
418,Sweden,57,Female,Gold,2024-08-14,663,432,733,231
419,Brazil,36,Female,Platinum,2026-06-12,3815,3192,238,623
420,India,26,Male,Platinum,2024-07-24,2389,664,163,1725
421,Sweden,31,Male,Bronze,2025-12-15,4529,2062,345,2467
422,Germany,18,Male,Bronze,2026-02-18,4619,3819,500,800
423,Italy,39,Female,Bronze,2025-04-02,2514,158,588,2356
424,Spain,40,Male,Silver,2024-07-07,2898,630,417,2268
425,Canada,55,Female,Bronze,2025-02-17,1429,60,162,1369
426,Italy,19,Female,Silver,2026-02-27,276,236,351,40
427,Italy,27,Male,Gold,2026-02-24,2185,1975,599,210
428,Germany,51,Female,Bronze,2023-09-15,463,81,261,382
429,UK,47,Male,Bronze,2026-06-23,573,286,638,287
430,Canada,20,Female,Gold,2025-07-18,2912,2132,684,780
431,Canada,44,Female,Gold,2024-10-08,3468,3331,38,137
432,Germany,47,Male,Gold,2024-06-19,2431,51,588,2380
433,India,59,Male,Platinum,2025-12-12,387,262,250,125
434,Malta,56,Female,Platinum,2026-03-14,4991,2638,536,2353
435,Australia,29,Female,Bronze,2024-06-29,169,101,661,68
436,Germany,49,Male,Platinum,2023-08-15,1566,852,612,714
437,Italy,52,Male,Silver,2024-04-14,1167,445,685,722
438,Brazil,30,Female,Silver,2024-11-29,4326,2264,780,2062
439,UK,19,Female,Gold,2026-04-07,880,512,128,368
440,Italy,30,Male,Gold,2025-12-17,4650,4249,142,401
441,Malta,33,Female,Platinum,2024-08-09,3676,293,527,3383
442,UK,44,Female,Gold,2024-12-29,1242,776,160,466
443,Sweden,57,Female,Bronze,2025-08-01,4865,4065,281,800
444,Australia,46,Female,Platinum,2025-03-03,2667,1617,702,1050
445,Australia,44,Female,Gold,2024-04-22,4480,271,662,4209
446,India,37,Female,Platinum,2024-01-08,4609,4471,71,138
447,Australia,42,Male,Gold,2025-10-15,101,73,38,28
448,India,29,Male,Platinum,2025-05-02,3888,1197,377,2691
449,Italy,55,Female,Bronze,2025-10-04,3778,2767,654,1011
450,Italy,23,Male,Silver,2024-01-12,4073,777,533,3296
451,Spain,28,Female,Bronze,2023-08-14,3482,3297,198,185
452,Australia,21,Male,Platinum,2024-11-21,3628,2321,654,1307
453,UK,48,Male,Silver,2023-11-15,2613,1807,336,806
454,Spain,41,Female,Gold,2024-03-07,2121,1468,528,653
455,Germany,45,Male,Platinum,2026-07-04,4222,2531,488,1691
456,Brazil,24,Male,Platinum,2024-03-25,3108,2052,21,1056
457,Brazil,39,Male,Bronze,2024-09-22,3487,149,427,3338
458,Sweden,27,Male,Silver,2024-01-19,1908,679,247,1229
459,Spain,48,Female,Platinum,2025-02-15,1207,623,361,584
460,Germany,31,Female,Bronze,2025-04-04,4048,789,300,3259
461,Australia,56,Female,Bronze,2025-08-19,2427,781,275,1646
462,Malta,50,Female,Silver,2026-04-17,3987,1520,213,2467
463,Spain,38,Male,Platinum,2026-03-07,1958,227,494,1731
464,Brazil,33,Male,Gold,2024-12-31,1371,914,602,457
465,Brazil,20,Female,Gold,2024-07-20,4068,1273,595,2795
466,Spain,24,Male,Platinum,2024-10-20,4551,2162,735,2389
467,Brazil,30,Male,Silver,2024-03-14,3501,1713,441,1788
468,UK,46,Male,Platinum,2023-09-21,1873,1508,120,365
469,UK,44,Male,Bronze,2024-01-07,4493,3206,280,1287
470,Spain,30,Male,Gold,2024-08-09,4962,1578,408,3384
471,Italy,30,Female,Gold,2024-03-28,364,310,445,54
472,Malta,41,Female,Gold,2023-08-03,2807,1566,242,1241
473,Germany,43,Female,Platinum,2026-07-12,1662,735,728,927
474,Italy,35,Female,Bronze,2024-10-22,4680,2884,520,1796
475,Italy,41,Female,Gold,2025-03-25,4570,1575,751,2995
476,Australia,19,Female,Platinum,2025-03-05,111,96,308,15
477,Germany,32,Female,Platinum,2023-08-24,3056,292,385,2764
478,Sweden,49,Male,Silver,2025-03-08,2430,475,767,1955
479,Malta,32,Male,Platinum,2023-10-24,2425,1757,108,668
480,Brazil,60,Female,Silver,2024-01-31,841,149,419,692
481,Malta,31,Female,Platinum,2026-05-06,241,106,330,135
482,Malta,58,Male,Gold,2025-05-21,4442,2947,36,1495
483,Spain,47,Male,Gold,2025-10-27,3962,1565,448,2397
484,Italy,31,Male,Silver,2026-07-17,1096,705,694,391
485,India,43,Male,Platinum,2026-07-01,193,75,542,118
486,UK,58,Female,Platinum,2026-05-28,4112,2116,530,1996
487,Canada,29,Female,Gold,2023-08-28,2902,2091,369,811
488,Canada,26,Male,Gold,2024-06-20,4756,3032,559,1724
489,Malta,30,Female,Platinum,2023-08-27,2522,298,614,2224
490,Germany,22,Female,Bronze,2025-06-19,1141,141,200,1000
491,Brazil,37,Male,Gold,2025-09-17,197,137,343,60
492,Germany,59,Female,Platinum,2026-02-18,3973,2281,582,1692
493,Canada,59,Female,Gold,2023-12-24,3351,2122,379,1229
494,Malta,22,Male,Gold,2024-06-02,135,75,357,60
495,Australia,48,Male,Gold,2024-04-15,3575,2396,292,1179
496,Malta,27,Female,Gold,2023-07-26,2791,2738,60,53
497,Germany,59,Male,Platinum,2023-08-21,1004,585,210,419
498,UK,31,Female,Platinum,2025-10-19,2530,1293,320,1237
499,UK,34,Female,Gold,2024-08-14,2254,1097,761,1157
500,Australia,36,Female,Silver,2026-06-27,917,854,542,63
501,Malta,57,Male,Silver,2024-03-21,2093,1006,206,1087
502,India,46,Male,Silver,2025-04-29,3809,2269,248,1540
503,UK,56,Female,Platinum,2025-04-22,4441,2572,234,1869
504,Spain,49,Male,Silver,2025-01-15,328,227,776,101
505,Canada,50,Female,Bronze,2024-05-13,1123,822,277,301
506,Canada,35,Male,Platinum,2024-07-31,4306,1176,560,3130
507,Brazil,58,Male,Gold,2024-07-24,3377,665,610,2712
508,Australia,22,Female,Bronze,2026-06-13,4217,3126,726,1091
509,Brazil,52,Female,Silver,2024-09-12,1992,119,723,1873
510,Spain,49,Female,Silver,2025-09-22,2504,133,180,2371
511,Australia,18,Male,Platinum,2025-08-28,4776,1944,350,2832
512,Brazil,31,Male,Platinum,2024-04-02,1087,891,662,196
513,UK,43,Female,Platinum,2024-04-07,2295,1779,597,516
514,Italy,20,Female,Bronze,2025-07-27,1890,703,499,1187
515,Sweden,41,Female,Silver,2024-06-19,2453,2125,255,328
516,Brazil,38,Male,Bronze,2025-06-02,4722,2592,209,2130
517,UK,37,Female,Platinum,2024-07-03,3556,805,25,2751
518,Germany,53,Male,Gold,2023-08-23,1543,1155,516,388
519,Spain,34,Male,Silver,2026-02-24,3910,2300,402,1610
520,Italy,29,Female,Bronze,2023-11-17,1123,875,654,248
521,Brazil,55,Male,Gold,2025-06-23,2200,1237,473,963
522,UK,26,Female,Platinum,2024-08-04,1810,354,414,1456
523,Italy,50,Male,Silver,2025-06-28,3082,1886,333,1196
524,India,40,Female,Bronze,2025-04-30,2304,1218,541,1086
525,Sweden,49,Male,Gold,2025-02-07,272,141,788,131
526,Malta,42,Male,Gold,2025-11-15,3704,1416,420,2288
527,Sweden,57,Female,Platinum,2025-07-20,2126,1083,567,1043
528,India,22,Male,Silver,2026-06-17,4744,3170,308,1574
529,Germany,56,Female,Gold,2023-08-20,1613,1387,779,226
530,Malta,19,Female,Silver,2024-10-18,3821,1833,288,1988
531,Malta,50,Male,Gold,2026-04-12,977,564,203,413
532,Australia,41,Male,Bronze,2026-01-23,2122,1635,413,487
533,Australia,40,Male,Silver,2026-04-17,2301,223,471,2078
534,Brazil,53,Female,Platinum,2024-06-15,1652,715,387,937
535,Spain,44,Female,Silver,2024-08-29,4457,1416,122,3041
536,Spain,44,Female,Bronze,2023-11-12,4272,2366,238,1906
537,Canada,27,Male,Platinum,2025-06-11,3928,871,58,3057
538,Malta,40,Female,Gold,2023-10-18,2482,1066,619,1416
539,Brazil,43,Female,Silver,2023-10-20,4354,3482,314,872
540,UK,21,Female,Platinum,2024-03-18,2639,172,441,2467
541,Canada,47,Female,Bronze,2025-07-20,3299,1098,743,2201
542,Italy,36,Female,Silver,2023-11-12,3594,102,442,3492
543,Canada,57,Female,Bronze,2024-05-21,4404,1748,385,2656
544,Brazil,39,Female,Gold,2025-06-25,4918,1177,736,3741
545,Malta,18,Female,Bronze,2025-12-05,3902,2494,41,1408
546,Canada,40,Female,Platinum,2024-12-16,890,620,773,270
547,Germany,38,Male,Bronze,2026-01-01,566,175,372,391
548,Australia,36,Male,Silver,2023-10-21,528,244,542,284
549,Italy,59,Female,Gold,2023-10-01,2085,354,311,1731
550,Canada,47,Female,Bronze,2024-02-22,3276,2651,92,625
551,Spain,54,Female,Platinum,2025-09-28,265,93,646,172
552,UK,54,Female,Gold,2025-10-17,4297,3946,135,351
553,Germany,52,Female,Gold,2024-12-19,4137,4003,266,134
554,Germany,46,Female,Gold,2025-01-21,3695,2387,373,1308
555,Spain,42,Male,Platinum,2025-04-12,275,231,276,44
556,Malta,18,Male,Silver,2026-05-29,1030,755,518,275
557,Brazil,38,Male,Platinum,2026-05-20,115,66,70,49
558,Spain,57,Male,Bronze,2024-04-01,1851,463,307,1388
559,Spain,40,Male,Bronze,2025-06-16,3951,71,122,3880
560,Italy,22,Female,Bronze,2025-04-04,971,312,279,659
561,Malta,28,Female,Gold,2023-11-17,4489,1757,245,2732
562,Canada,50,Male,Gold,2024-03-03,423,315,78,108
563,Canada,26,Male,Gold,2025-12-13,3950,3411,61,539
564,Canada,19,Female,Gold,2026-02-08,4334,996,100,3338
565,Brazil,52,Female,Platinum,2025-01-24,1519,1424,628,95
566,Spain,33,Female,Silver,2024-11-17,1712,798,148,914
567,Germany,53,Female,Gold,2025-02-19,1459,580,762,879
568,Spain,37,Male,Platinum,2024-03-04,2698,240,648,2458
569,Australia,19,Female,Bronze,2025-05-13,393,307,341,86
570,Brazil,52,Female,Gold,2026-06-27,668,78,28,590
571,Malta,39,Female,Bronze,2026-04-25,4297,2730,108,1567
572,India,18,Female,Platinum,2024-03-13,1112,366,469,746
573,Malta,24,Female,Gold,2025-07-24,3123,1820,618,1303
574,India,49,Female,Silver,2023-09-07,2432,1127,50,1305
575,Italy,51,Male,Bronze,2026-06-30,146,106,724,40
576,Malta,52,Female,Platinum,2025-03-25,1645,1644,263,1
577,Malta,26,Male,Bronze,2024-02-26,3737,2964,710,773
578,Australia,37,Male,Bronze,2024-01-11,252,54,614,198
579,Spain,42,Female,Silver,2025-11-26,3284,240,352,3044
580,Germany,56,Male,Bronze,2024-07-21,4350,1175,25,3175
581,India,27,Male,Silver,2025-04-17,2232,1676,409,556
582,Italy,33,Female,Bronze,2024-05-03,1824,592,453,1232
583,UK,60,Female,Silver,2025-08-27,2606,294,353,2312
584,UK,51,Female,Gold,2024-02-13,2238,145,596,2093
585,Germany,29,Male,Platinum,2025-11-14,4084,3712,733,372
586,Australia,48,Male,Platinum,2026-06-26,843,404,603,439
587,Canada,36,Female,Bronze,2025-05-15,688,265,308,423
588,Germany,27,Female,Platinum,2025-12-05,1638,1578,503,60
589,Sweden,33,Male,Gold,2026-07-14,4027,1314,322,2713
590,Australia,36,Female,Gold,2025-06-25,3283,867,379,2416
591,Germany,44,Male,Silver,2024-11-02,3951,2953,762,998
592,Australia,45,Female,Gold,2023-12-30,888,50,106,838
593,Canada,28,Male,Silver,2025-12-20,4496,4342,506,154
594,Australia,44,Female,Bronze,2024-06-11,683,626,137,57
595,India,25,Male,Silver,2025-01-22,4729,3631,409,1098
596,Malta,19,Female,Platinum,2025-06-14,2594,1663,693,931
597,Spain,21,Female,Silver,2024-04-29,1375,211,728,1164
598,Canada,37,Female,Bronze,2025-04-12,4755,1261,550,3494
599,UK,60,Male,Platinum,2026-05-04,901,502,568,399
600,Brazil,42,Male,Gold,2025-04-07,3768,2808,224,960
601,Germany,41,Male,Silver,2025-09-09,2466,101,83,2365
602,Spain,27,Male,Platinum,2026-02-14,2247,1053,514,1194
603,Italy,40,Male,Platinum,2026-01-04,382,342,386,40
604,Brazil,21,Female,Silver,2026-03-19,378,228,766,150
605,Sweden,29,Female,Bronze,2026-07-18,1097,240,359,857
606,Canada,47,Female,Silver,2024-01-06,2855,1177,255,1678
607,Malta,35,Male,Gold,2025-10-28,3403,3142,614,261
608,Sweden,36,Male,Platinum,2024-01-08,801,632,782,169
609,Brazil,25,Male,Gold,2026-05-17,1902,871,583,1031
610,Spain,18,Male,Silver,2026-03-15,3918,2932,239,986
611,Sweden,46,Female,Platinum,2025-04-10,1197,204,173,993
612,Australia,51,Female,Platinum,2024-09-01,4147,1565,177,2582
613,Spain,38,Female,Gold,2025-11-01,2213,1959,461,254
614,India,18,Female,Platinum,2025-09-30,3552,600,241,2952
615,Canada,57,Male,Bronze,2023-10-01,4265,339,347,3926
616,India,24,Female,Gold,2025-08-07,4998,614,724,4384
617,Australia,51,Female,Bronze,2023-10-20,3816,3497,302,319
618,Canada,43,Male,Platinum,2024-07-07,750,59,183,691
619,Brazil,22,Female,Silver,2025-12-25,4779,2308,473,2471
620,India,21,Male,Platinum,2025-09-20,2179,2148,187,31
621,Malta,35,Female,Platinum,2024-04-27,609,597,165,12
622,Italy,30,Male,Gold,2025-09-30,1372,1268,708,104
623,UK,35,Male,Platinum,2025-12-17,1075,150,73,925
624,Canada,22,Male,Silver,2023-10-03,3345,1397,671,1948
625,Australia,19,Female,Silver,2025-09-25,4207,2767,715,1440
626,Brazil,19,Male,Bronze,2024-07-11,1951,539,407,1412
627,Germany,38,Female,Silver,2024-11-08,3104,2818,24,286
628,Malta,40,Male,Platinum,2026-03-29,4765,761,188,4004
629,Brazil,25,Female,Platinum,2026-06-01,466,176,420,290
630,Sweden,55,Female,Platinum,2025-09-09,877,484,745,393
631,Italy,30,Male,Silver,2024-05-26,2161,403,601,1758
632,Sweden,20,Female,Platinum,2024-01-14,4700,3969,666,731
633,Sweden,22,Male,Platinum,2025-05-29,4995,3914,405,1081
634,Sweden,38,Male,Silver,2023-12-28,4502,1532,273,2970
635,Malta,32,Female,Silver,2024-11-29,3360,2044,119,1316
636,Italy,59,Female,Platinum,2025-03-25,711,115,418,596
637,Brazil,33,Female,Silver,2025-10-26,211,70,589,141
638,Brazil,54,Female,Platinum,2024-01-09,4266,3812,458,454
639,UK,20,Male,Gold,2025-08-30,2440,1343,342,1097
640,UK,24,Female,Platinum,2026-05-25,1285,1183,263,102
641,Canada,54,Male,Gold,2025-12-15,3468,3382,142,86
642,Canada,58,Male,Gold,2023-10-18,1457,887,355,570
643,Malta,55,Male,Platinum,2024-11-07,3303,2481,272,822
644,Germany,42,Female,Gold,2025-11-28,4904,734,150,4170
645,Italy,55,Female,Gold,2024-04-27,159,79,235,80
646,Sweden,34,Male,Platinum,2023-11-29,638,444,756,194
647,Germany,25,Female,Gold,2026-07-19,3408,1442,210,1966
648,Canada,43,Female,Silver,2026-07-07,4119,2009,230,2110
649,Malta,41,Female,Platinum,2024-03-27,2812,2585,224,227
650,UK,25,Female,Bronze,2023-12-15,4802,3404,78,1398
651,India,34,Male,Silver,2023-10-30,3261,2607,616,654
652,India,50,Female,Platinum,2026-06-16,4208,3816,201,392
653,Australia,47,Female,Gold,2026-06-03,4829,928,430,3901
654,Spain,46,Male,Platinum,2025-06-04,1368,1177,248,191
655,Germany,55,Male,Silver,2024-10-23,833,235,668,598
656,Germany,57,Female,Gold,2023-08-16,4221,2997,607,1224
657,India,56,Male,Gold,2025-10-13,1653,1566,432,87
658,Malta,26,Male,Silver,2025-04-28,506,158,359,348
659,Canada,30,Female,Gold,2026-06-22,4358,539,519,3819
660,UK,41,Male,Gold,2025-12-28,4293,3718,425,575
661,India,42,Male,Bronze,2024-06-04,2736,2598,24,138
662,UK,18,Male,Silver,2024-01-18,3943,514,198,3429
663,India,58,Female,Gold,2023-11-27,264,75,555,189
664,Brazil,47,Female,Platinum,2026-05-30,2830,272,43,2558
665,Italy,49,Male,Platinum,2024-04-26,1753,1725,472,28
666,Sweden,34,Female,Bronze,2025-07-14,4860,831,790,4029
667,Malta,33,Female,Gold,2026-04-14,393,188,269,205
668,Malta,24,Female,Silver,2025-07-18,1717,915,527,802
669,Australia,51,Female,Platinum,2024-11-23,2413,1189,225,1224
670,Canada,48,Male,Silver,2023-07-27,1275,712,674,563
671,Germany,28,Female,Bronze,2024-11-09,4222,1529,663,2693
672,Germany,19,Male,Silver,2026-05-12,971,670,62,301
673,Italy,41,Female,Platinum,2026-06-15,4530,3544,260,986
674,Spain,51,Male,Platinum,2023-12-17,3063,362,389,2701
675,Brazil,29,Male,Platinum,2025-04-10,3003,703,349,2300
676,Italy,28,Female,Platinum,2024-12-04,1079,715,507,364
677,Australia,52,Female,Gold,2025-02-28,2434,2281,392,153
678,Malta,38,Male,Silver,2024-07-05,4754,1805,148,2949
679,Brazil,43,Female,Platinum,2024-11-26,1269,1164,242,105
680,Canada,34,Female,Bronze,2026-04-05,872,576,456,296
681,Germany,28,Female,Platinum,2024-05-27,4447,3316,765,1131
682,Canada,44,Male,Gold,2026-05-09,2947,926,414,2021
683,Italy,23,Male,Platinum,2025-04-09,1548,1016,514,532
684,Malta,18,Male,Gold,2023-12-18,2847,1250,185,1597
685,India,32,Male,Gold,2024-01-20,4227,922,370,3305
686,UK,35,Male,Silver,2025-05-20,4498,2530,260,1968
687,India,31,Male,Platinum,2026-04-08,1481,572,244,909
688,Australia,22,Female,Gold,2025-10-24,3742,1617,525,2125
689,Canada,40,Male,Silver,2024-11-01,391,107,787,284
690,Sweden,29,Male,Platinum,2024-02-15,3674,3167,154,507
691,Spain,27,Male,Silver,2025-01-31,494,84,766,410
692,Sweden,20,Male,Gold,2025-01-31,676,588,160,88
693,Spain,39,Male,Platinum,2025-12-23,221,155,28,66
694,Brazil,32,Female,Silver,2026-05-31,1819,798,394,1021
695,Sweden,41,Female,Silver,2025-01-09,3353,707,548,2646
696,Spain,32,Female,Platinum,2023-12-04,3042,2736,533,306
697,UK,58,Female,Bronze,2026-02-27,2023,581,79,1442
698,UK,31,Male,Bronze,2024-02-15,4979,2199,552,2780
699,Canada,50,Male,Gold,2024-06-29,3021,946,492,2075
700,India,34,Female,Gold,2025-09-03,3297,1072,721,2225
701,Sweden,49,Male,Bronze,2023-10-02,596,483,257,113
702,Spain,34,Female,Silver,2025-08-16,4330,3420,185,910
703,Germany,53,Male,Bronze,2024-07-29,2740,1796,158,944
704,Germany,24,Female,Gold,2026-02-19,2175,478,546,1697
705,Australia,50,Female,Gold,2026-02-11,2282,1649,333,633
706,Australia,38,Male,Bronze,2025-05-03,314,72,140,242
707,Brazil,33,Male,Platinum,2026-06-27,3250,216,653,3034
708,Canada,55,Male,Platinum,2026-02-08,4616,2790,325,1826
709,Australia,40,Female,Gold,2025-06-29,636,502,650,134
710,Spain,39,Male,Platinum,2025-01-10,393,348,658,45
711,UK,36,Female,Gold,2024-02-06,198,140,317,58
712,Australia,60,Female,Platinum,2024-07-17,1073,1040,236,33
713,UK,19,Male,Silver,2024-01-21,3903,3603,301,300
714,Malta,30,Female,Platinum,2025-11-11,329,51,694,278
715,Spain,51,Female,Platinum,2025-12-08,2917,205,612,2712
716,UK,20,Male,Gold,2026-07-19,3269,658,231,2611
717,India,19,Male,Gold,2026-02-12,1829,1826,779,3
718,Italy,40,Female,Gold,2026-05-08,2455,1541,257,914
719,UK,55,Female,Platinum,2024-09-05,4714,3120,421,1594
720,Australia,42,Male,Bronze,2026-03-29,327,189,794,138
721,Italy,37,Female,Platinum,2024-11-11,2382,1029,555,1353
722,Spain,58,Female,Silver,2026-01-05,3248,631,160,2617
723,Germany,57,Male,Gold,2024-09-05,2176,1993,537,183
724,Spain,51,Male,Bronze,2025-11-09,904,429,343,475
725,Malta,40,Female,Platinum,2023-08-19,1351,304,311,1047
726,Sweden,41,Male,Silver,2025-08-02,2727,278,517,2449
727,Sweden,35,Female,Gold,2024-11-08,2696,855,766,1841
728,Sweden,31,Male,Bronze,2023-09-19,3264,3133,212,131
729,Malta,29,Female,Gold,2024-01-14,276,167,501,109
730,Sweden,25,Male,Gold,2024-06-20,3681,1425,310,2256
731,Australia,19,Female,Gold,2026-04-24,3706,3001,741,705
732,UK,29,Female,Gold,2023-09-21,1945,1935,417,10
733,Italy,37,Male,Bronze,2023-08-04,1539,1081,398,458
734,Germany,37,Male,Bronze,2025-07-30,1465,175,317,1290
735,Spain,21,Male,Gold,2024-03-31,950,894,744,56
736,Malta,42,Male,Silver,2025-06-20,1125,667,687,458
737,Sweden,29,Female,Bronze,2023-11-23,1740,339,279,1401
738,Brazil,46,Female,Bronze,2024-11-09,4301,1753,193,2548
739,Malta,19,Female,Bronze,2023-11-22,2868,851,467,2017
740,Germany,39,Male,Gold,2025-03-08,2202,1713,144,489
741,UK,31,Female,Bronze,2025-10-26,3222,1099,472,2123
742,Spain,33,Male,Gold,2024-08-09,1251,508,671,743
743,Australia,45,Female,Silver,2026-04-18,537,296,82,241
744,Brazil,40,Female,Platinum,2023-08-03,4519,3724,55,795
745,Australia,32,Female,Platinum,2026-04-01,4502,2181,658,2321
746,Australia,50,Female,Platinum,2024-10-31,4976,2369,112,2607
747,Germany,59,Female,Silver,2025-04-17,4156,1386,264,2770
748,Australia,48,Male,Silver,2025-03-12,1591,569,316,1022
749,Spain,35,Male,Platinum,2026-04-25,2560,166,30,2394
750,Australia,41,Female,Gold,2025-10-24,296,172,325,124
751,Brazil,55,Female,Gold,2024-12-25,4857,4345,352,512
752,UK,23,Male,Silver,2025-07-04,3847,848,77,2999
753,Australia,51,Male,Gold,2023-12-20,2306,525,407,1781
754,Italy,45,Male,Silver,2025-04-09,3291,2401,160,890
755,UK,28,Male,Gold,2025-11-27,3243,1980,408,1263
756,Spain,56,Female,Bronze,2024-03-17,3253,3000,587,253
757,Italy,37,Male,Bronze,2026-04-09,650,608,40,42
758,India,21,Female,Silver,2024-03-10,4345,338,395,4007
759,UK,19,Male,Gold,2026-04-30,4787,1917,731,2870
760,Italy,41,Female,Bronze,2024-04-30,4451,600,89,3851
761,Spain,43,Male,Gold,2024-01-13,3690,423,425,3267
762,Canada,31,Male,Silver,2024-05-27,3051,2187,243,864
763,Germany,32,Female,Platinum,2025-04-17,4351,2012,333,2339
764,Australia,35,Female,Silver,2025-03-26,4932,2469,273,2463
765,UK,34,Female,Gold,2026-04-09,544,480,208,64
766,UK,48,Female,Bronze,2025-08-12,1185,574,725,611
767,Brazil,18,Male,Gold,2026-06-19,3469,3379,202,90
768,Brazil,49,Male,Bronze,2024-10-19,2304,2174,369,130
769,Brazil,32,Female,Platinum,2026-07-05,715,485,598,230
770,India,47,Female,Platinum,2025-03-12,2986,424,551,2562
771,Brazil,38,Female,Platinum,2025-02-08,3091,2410,661,681
772,Canada,48,Male,Platinum,2026-07-02,4257,3054,644,1203
773,India,29,Female,Platinum,2023-10-16,2813,1726,647,1087
774,Spain,57,Male,Silver,2026-01-30,2787,2513,168,274
775,Brazil,56,Female,Silver,2025-06-22,689,359,792,330
776,Germany,21,Female,Platinum,2024-01-10,1171,1169,128,2
777,Sweden,29,Female,Platinum,2026-04-22,3436,1380,292,2056
778,Canada,47,Male,Gold,2025-06-27,882,153,68,729
779,Sweden,38,Female,Bronze,2023-08-27,2907,2581,277,326
780,Canada,23,Male,Gold,2024-05-23,1259,936,579,323
781,Germany,51,Female,Bronze,2024-06-16,3123,1711,283,1412
782,Canada,38,Male,Platinum,2024-12-07,2253,199,676,2054
783,Germany,33,Female,Silver,2025-11-21,3034,2775,395,259
784,Sweden,55,Female,Bronze,2025-08-27,1120,114,519,1006
785,Canada,28,Female,Bronze,2026-01-16,1211,276,575,935
786,India,54,Male,Bronze,2026-03-30,3971,2437,337,1534
787,Australia,22,Male,Platinum,2024-03-02,3172,59,642,3113
788,Italy,37,Male,Platinum,2025-07-05,1134,1032,299,102
789,Italy,37,Female,Bronze,2026-03-21,4370,2467,518,1903
790,Germany,41,Female,Bronze,2026-01-05,4255,1567,792,2688
791,Spain,38,Male,Gold,2024-02-18,1441,1216,205,225
792,Brazil,49,Male,Platinum,2024-08-22,3609,633,82,2976
793,Australia,57,Female,Platinum,2024-02-10,1075,417,593,658
794,Germany,29,Male,Gold,2023-08-30,2738,1213,548,1525
795,Sweden,43,Male,Silver,2025-03-05,4292,2586,313,1706
796,Malta,19,Female,Gold,2026-06-14,3844,3592,341,252
797,UK,23,Female,Gold,2024-07-02,4060,3941,599,119
798,Canada,53,Male,Platinum,2024-01-27,325,163,434,162
799,Germany,24,Male,Bronze,2023-12-06,2148,1938,397,210
800,Malta,19,Female,Gold,2024-10-10,1744,1355,299,389
801,Malta,44,Female,Gold,2025-11-04,1621,1379,147,242
802,UK,32,Male,Silver,2024-05-09,2246,1512,391,734
803,Australia,44,Female,Gold,2024-10-03,133,71,75,62
804,Malta,49,Male,Bronze,2024-12-15,4100,3233,197,867
805,India,30,Female,Gold,2026-02-11,437,345,69,92
806,Brazil,60,Male,Bronze,2023-10-13,3058,2934,67,124
807,Malta,50,Female,Silver,2025-09-10,1234,514,703,720
808,Brazil,59,Male,Bronze,2026-01-30,2145,1135,447,1010
809,Italy,39,Female,Bronze,2024-04-03,203,191,537,12
810,Germany,50,Female,Platinum,2026-05-18,1090,285,497,805
811,Italy,41,Male,Gold,2026-04-16,4149,2651,558,1498
812,Brazil,35,Male,Platinum,2026-03-20,1740,410,279,1330
813,India,50,Male,Bronze,2025-03-03,3938,1128,310,2810
814,Sweden,38,Male,Bronze,2025-12-02,3772,419,429,3353
815,India,23,Male,Bronze,2023-12-25,4507,3613,524,894
816,Spain,48,Male,Gold,2025-07-27,3411,1514,209,1897
817,Spain,42,Female,Gold,2025-05-06,780,687,328,93
818,Sweden,45,Female,Gold,2025-01-09,2739,284,714,2455
819,Canada,21,Female,Silver,2026-07-02,4440,1084,76,3356
820,Italy,27,Female,Silver,2023-08-26,1398,747,596,651
821,Sweden,32,Female,Silver,2025-08-03,3133,1547,748,1586
822,UK,57,Male,Gold,2025-10-15,1351,755,501,596
823,Australia,19,Female,Bronze,2026-04-04,2424,2022,241,402
824,Malta,19,Female,Gold,2025-04-28,2796,108,283,2688
825,Germany,44,Female,Silver,2026-01-31,1315,861,325,454
826,Malta,35,Male,Bronze,2024-11-20,1670,947,580,723
827,Germany,41,Female,Silver,2026-02-09,857,321,34,536
828,Germany,55,Male,Gold,2023-08-03,1715,581,524,1134
829,Sweden,24,Female,Bronze,2025-06-21,2436,1101,253,1335
830,Malta,25,Female,Platinum,2025-04-01,3291,880,192,2411
831,Sweden,20,Female,Silver,2026-02-25,2518,2034,366,484
832,Italy,56,Male,Gold,2026-02-04,243,224,177,19
833,Australia,38,Female,Silver,2024-08-10,4537,2635,278,1902
834,Sweden,37,Female,Gold,2025-02-25,1990,270,754,1720
835,Canada,23,Female,Silver,2025-12-25,116,98,655,18
836,Brazil,42,Male,Silver,2024-10-07,606,233,72,373
837,Spain,57,Male,Bronze,2024-03-17,772,737,657,35
838,Australia,27,Male,Silver,2024-05-16,206,143,639,63
839,Italy,50,Male,Bronze,2024-12-16,798,188,179,610
840,Italy,35,Female,Bronze,2025-02-27,2390,1383,565,1007
841,Sweden,34,Female,Silver,2024-03-20,502,50,151,452
842,India,44,Male,Bronze,2025-08-05,136,104,354,32
843,India,54,Male,Platinum,2024-03-31,4938,294,419,4644
844,Malta,29,Male,Silver,2024-03-22,387,180,108,207
845,Malta,36,Female,Bronze,2024-01-29,2987,1626,596,1361
846,Spain,34,Female,Gold,2025-09-14,2195,731,477,1464
847,Malta,20,Male,Platinum,2025-03-11,2291,2012,712,279
848,Sweden,49,Male,Gold,2026-03-26,776,512,233,264
849,Malta,24,Male,Gold,2024-01-18,2816,2337,791,479
850,India,55,Female,Platinum,2025-03-12,4178,3542,606,636
851,Malta,22,Female,Platinum,2025-01-29,3472,578,776,2894
852,Italy,60,Female,Bronze,2024-12-12,311,64,761,247
853,Italy,33,Male,Silver,2026-03-14,3421,225,537,3196
854,Italy,56,Female,Gold,2023-09-19,165,95,464,70
855,Brazil,29,Female,Silver,2024-11-20,4229,3787,255,442
856,Germany,47,Female,Silver,2026-04-06,4259,3416,461,843
857,Canada,18,Female,Gold,2025-05-08,1882,1681,726,201
858,Spain,48,Male,Bronze,2024-10-22,4766,1106,181,3660
859,Italy,26,Male,Gold,2023-11-06,2781,2553,374,228
860,Sweden,48,Female,Silver,2025-12-17,1787,126,262,1661
861,Brazil,44,Female,Platinum,2026-05-15,639,296,774,343
862,Spain,37,Male,Platinum,2024-07-28,2602,1122,679,1480
863,Canada,43,Female,Gold,2026-05-10,3364,2656,742,708
864,Sweden,26,Female,Bronze,2026-01-06,517,473,512,44
865,UK,43,Male,Silver,2024-08-04,842,438,199,404
866,Germany,29,Male,Platinum,2025-12-29,1612,1423,256,189
867,Brazil,35,Female,Bronze,2026-06-09,2755,2624,189,131
868,Spain,35,Male,Platinum,2025-12-21,4920,1559,537,3361
869,India,58,Female,Silver,2024-07-02,4207,1729,392,2478
870,Sweden,40,Female,Bronze,2026-01-10,3092,1063,712,2029
871,India,20,Female,Gold,2026-06-14,3884,3366,465,518
872,Italy,32,Male,Gold,2025-09-04,2622,1252,669,1370
873,Spain,51,Female,Platinum,2026-02-17,1026,272,652,754
874,Germany,37,Male,Bronze,2025-07-28,3251,197,360,3054
875,Spain,47,Female,Gold,2025-07-18,2531,1821,681,710
876,Malta,58,Male,Silver,2024-08-20,1796,253,345,1543
877,Sweden,27,Female,Silver,2024-08-04,4731,2095,136,2636
878,Germany,59,Female,Platinum,2025-07-05,2062,2044,251,18
879,Brazil,28,Female,Silver,2024-07-02,1202,629,223,573
880,Spain,46,Female,Platinum,2024-02-10,3008,187,53,2821
881,Italy,33,Female,Bronze,2023-11-27,676,672,563,4
882,India,19,Female,Bronze,2024-04-10,3887,1018,515,2869
883,Germany,27,Male,Silver,2024-10-14,3884,2640,629,1244
884,Germany,20,Male,Gold,2023-10-27,1454,235,578,1219
885,Germany,23,Male,Platinum,2024-07-12,911,580,472,331
886,Malta,56,Male,Silver,2026-06-20,1547,690,110,857
887,India,44,Male,Bronze,2025-09-09,139,50,634,89
888,UK,24,Female,Gold,2024-03-28,536,56,158,480
889,Australia,20,Female,Platinum,2026-06-10,1578,1143,255,435
890,India,50,Male,Platinum,2024-10-28,1370,418,626,952
891,Italy,46,Female,Platinum,2024-09-02,1349,398,653,951
892,Canada,57,Female,Silver,2026-05-12,2150,511,132,1639
893,Australia,46,Female,Gold,2024-11-18,544,397,571,147
894,UK,50,Female,Silver,2023-08-05,4828,3503,135,1325
895,Italy,55,Female,Platinum,2025-01-18,2663,2168,623,495
896,Canada,28,Male,Silver,2024-05-16,3631,3580,117,51
897,Brazil,36,Male,Gold,2026-05-06,3906,2395,638,1511
898,Italy,60,Male,Silver,2024-03-07,2171,661,206,1510
899,Australia,33,Male,Silver,2025-02-23,964,237,257,727
900,Malta,54,Female,Bronze,2024-09-06,3445,3276,258,169
901,Malta,44,Male,Bronze,2025-08-16,1330,651,668,679
902,Italy,30,Female,Platinum,2026-02-24,2773,2048,268,725
903,Spain,33,Female,Platinum,2026-01-27,3750,2186,202,1564
904,Spain,52,Male,Bronze,2023-10-30,200,107,241,93
905,Italy,33,Female,Platinum,2026-06-09,3788,1699,147,2089
906,Spain,55,Female,Bronze,2024-06-26,356,157,366,199
907,Italy,19,Female,Gold,2025-07-03,4784,1032,389,3752
908,India,18,Female,Gold,2024-05-21,784,505,395,279
909,Australia,39,Male,Gold,2023-12-19,2583,2026,653,557
910,Spain,59,Female,Silver,2024-11-08,681,340,584,341
911,Canada,58,Male,Platinum,2026-03-08,2514,279,573,2235
912,Spain,54,Female,Gold,2023-10-20,3878,2834,546,1044
913,Malta,43,Male,Silver,2025-03-08,1176,668,661,508
914,Italy,40,Female,Bronze,2026-01-14,3887,3199,533,688
915,Italy,20,Female,Silver,2023-10-07,3179,991,493,2188
916,Canada,51,Male,Platinum,2025-07-10,3175,1378,176,1797
917,Sweden,32,Female,Gold,2026-05-16,4306,1558,402,2748
918,Italy,57,Female,Gold,2024-08-31,1448,1386,297,62
919,Italy,33,Male,Gold,2024-11-16,1424,812,100,612
920,Brazil,58,Male,Gold,2024-09-25,2448,1019,707,1429
921,Italy,50,Female,Silver,2024-01-26,1749,1244,717,505
922,India,46,Female,Platinum,2024-09-05,2453,249,442,2204
923,India,22,Male,Bronze,2025-07-16,141,69,229,72
924,Brazil,53,Female,Bronze,2025-01-26,1887,1747,86,140
925,Germany,43,Male,Platinum,2026-02-27,585,66,762,519
926,India,53,Male,Silver,2024-12-20,3610,177,788,3433
927,Canada,41,Female,Gold,2025-12-13,3668,3343,464,325
928,Italy,33,Male,Gold,2025-05-09,2111,431,487,1680
929,Sweden,35,Male,Gold,2024-04-27,1554,968,243,586
930,Germany,29,Female,Platinum,2025-01-05,3107,642,559,2465
931,Sweden,56,Female,Platinum,2024-07-12,2167,990,195,1177
932,Italy,45,Female,Gold,2023-11-14,1749,1424,472,325
933,Spain,27,Female,Gold,2024-05-11,1623,1575,697,48
934,Australia,56,Male,Bronze,2026-02-26,2985,1991,607,994
935,India,37,Male,Bronze,2024-09-07,3145,91,715,3054
936,UK,22,Female,Bronze,2026-01-08,182,51,219,131
937,Brazil,44,Female,Silver,2024-01-07,3169,1553,615,1616
938,Italy,51,Male,Gold,2024-10-13,1672,1365,295,307
939,UK,22,Female,Bronze,2026-02-05,3129,1797,676,1332
940,Sweden,23,Female,Bronze,2025-04-11,1016,607,532,409
941,Canada,36,Female,Silver,2024-07-03,2699,810,404,1889
942,Germany,22,Female,Platinum,2024-10-17,2810,2373,719,437
943,India,33,Male,Silver,2026-01-29,132,65,799,67
944,UK,56,Female,Bronze,2025-01-30,3196,348,778,2848
945,India,20,Female,Gold,2025-01-07,2119,154,436,1965
946,Brazil,47,Male,Platinum,2024-12-20,3468,2574,772,894
947,India,37,Male,Gold,2025-04-13,2882,1488,484,1394
948,UK,36,Male,Silver,2024-03-17,2823,765,184,2058
949,Canada,50,Male,Platinum,2026-01-31,1735,1405,394,330
950,Canada,34,Male,Silver,2025-04-23,2035,890,179,1145
951,Canada,43,Male,Silver,2026-06-27,3700,2770,296,930
952,Spain,52,Female,Bronze,2024-12-25,2330,2285,640,45
953,India,39,Female,Platinum,2024-01-04,1823,1116,631,707
954,India,19,Female,Bronze,2025-06-08,422,334,535,88
955,India,41,Male,Gold,2025-11-06,3404,2551,690,853
956,Brazil,34,Female,Platinum,2024-07-24,3269,240,665,3029
957,Malta,32,Female,Platinum,2023-10-19,3280,3134,189,146
958,India,32,Male,Bronze,2025-01-19,1865,435,455,1430
959,Canada,60,Female,Gold,2024-10-18,2154,977,503,1177
960,UK,31,Male,Silver,2026-02-22,2137,1530,47,607
961,Italy,46,Female,Gold,2023-08-20,3390,3283,648,107
962,India,28,Male,Platinum,2025-01-29,4615,4305,245,310
963,India,34,Male,Platinum,2023-09-17,1383,1325,709,58
964,Sweden,24,Male,Silver,2024-11-29,3457,2489,532,968
965,Brazil,22,Male,Platinum,2025-09-29,4967,3890,273,1077
966,Malta,25,Male,Silver,2024-05-19,4655,2513,301,2142
967,Germany,23,Female,Platinum,2023-09-16,3498,2621,714,877
968,Brazil,46,Male,Gold,2026-02-10,3937,3721,653,216
969,Canada,32,Male,Gold,2025-06-17,881,389,123,492
970,Malta,32,Female,Platinum,2024-11-01,2543,1479,294,1064
971,Canada,39,Female,Gold,2023-09-19,4714,417,239,4297
972,UK,57,Female,Gold,2024-11-08,4898,2722,459,2176
973,UK,19,Female,Bronze,2026-05-16,667,287,719,380
974,Germany,38,Female,Gold,2025-01-18,2328,575,93,1753
975,Brazil,22,Female,Platinum,2025-06-12,1311,417,642,894
976,Spain,41,Female,Bronze,2026-03-19,4925,4900,376,25
977,Canada,20,Male,Gold,2023-08-01,4125,3219,646,906
978,Germany,20,Female,Bronze,2023-10-03,2898,2623,66,275
979,Spain,39,Male,Silver,2023-11-17,1936,728,210,1208
980,Australia,35,Male,Silver,2024-02-07,4740,2566,199,2174
981,Malta,31,Male,Gold,2026-01-12,1834,1054,69,780
982,Spain,42,Male,Bronze,2024-02-01,4238,1697,211,2541
983,UK,36,Male,Bronze,2024-03-06,1051,996,692,55
984,Italy,48,Female,Silver,2023-10-06,4556,3387,576,1169
985,Brazil,26,Female,Bronze,2024-10-17,1599,286,206,1313
986,Australia,44,Female,Silver,2025-09-12,4729,1207,646,3522
987,Sweden,56,Male,Silver,2023-10-30,3149,1400,185,1749
988,Italy,54,Female,Gold,2025-06-12,632,122,599,510
989,UK,18,Female,Bronze,2023-09-09,3194,155,554,3039
990,Sweden,51,Male,Bronze,2026-07-12,1525,497,262,1028
991,Canada,34,Female,Platinum,2025-10-28,3846,1719,281,2127
992,Australia,18,Male,Silver,2025-08-24,1103,891,619,212
993,India,31,Female,Bronze,2025-09-09,1642,682,578,960
994,UK,57,Female,Bronze,2025-09-15,2810,296,503,2514
995,Canada,24,Male,Silver,2024-11-12,3549,3453,538,96
996,Malta,28,Female,Silver,2024-03-12,4104,3471,493,633
997,Sweden,44,Female,Gold,2023-10-22,2111,1427,457,684
998,India,27,Female,Silver,2024-05-16,3784,901,156,2883
999,Germany,21,Female,Bronze,2023-12-06,2900,1493,380,1407
1000,Italy,36,Male,Bronze,2026-02-27,792,364,348,428
